order_id,customer_id,order_date,channel,status,discount_pct
1,1,2026-08-04 21:00:00,referral,completed,20
2,3,2026-06-15 12:00:00,google_ads,abandoned_cart,0
3,3,2026-06-24 09:00:00,instagram_ads,completed,0
4,3,2026-06-08 10:00:00,email,completed,0
5,3,2026-06-02 11:00:00,email,completed,0
6,3,2026-06-08 12:00:00,instagram_ads,completed,0
7,3,2026-07-09 21:00:00,google_ads,completed,0
8,3,2026-07-23 12:00:00,referral,abandoned_cart,0
9,3,2026-08-24 13:00:00,instagram_ads,completed,0
10,3,2026-08-27 12:00:00,instagram_ads,completed,0
11,3,2026-08-06 17:00:00,organic,completed,0
12,3,2026-08-22 09:00:00,email,completed,0
13,3,2026-09-15 09:00:00,email,completed,0
14,9,2026-09-04 08:00:00,instagram_ads,completed,0
15,10,2026-08-03 11:00:00,email,abandoned_cart,0
16,11,2026-07-14 21:00:00,email,completed,0
17,12,2026-05-11 20:00:00,google_ads,completed,0
18,13,2026-03-18 15:00:00,referral,completed,15
19,14,2026-06-24 15:00:00,email,completed,0
20,14,2026-08-28 09:00:00,referral,completed,0
21,15,2026-05-28 18:00:00,google_ads,completed,0
22,15,2026-05-08 18:00:00,instagram_ads,completed,0
23,15,2026-05-04 20:00:00,email,abandoned_cart,0
24,15,2026-05-01 08:00:00,google_ads,completed,0
25,15,2026-06-19 18:00:00,organic,completed,0
26,15,2026-06-19 10:00:00,email,completed,0
27,15,2026-06-10 18:00:00,google_ads,completed,0
28,15,2026-06-09 15:00:00,email,completed,0
29,15,2026-06-12 17:00:00,organic,completed,0
30,15,2026-07-20 19:00:00,google_ads,abandoned_cart,0
31,15,2026-07-08 18:00:00,instagram_ads,completed,0
32,15,2026-08-10 20:00:00,instagram_ads,completed,0
33,15,2026-08-11 19:00:00,referral,completed,0
34,15,2026-09-09 21:00:00,google_ads,abandoned_cart,0
35,15,2026-09-05 20:00:00,email,abandoned_cart,0
36,15,2026-09-09 16:00:00,google_ads,completed,0
37,17,2025-12-23 12:00:00,organic,completed,0
38,17,2025-12-16 09:00:00,instagram_ads,abandoned_cart,15
39,17,2026-02-19 19:00:00,organic,abandoned_cart,0
40,17,2026-04-07 15:00:00,google_ads,completed,0
41,17,2026-07-18 18:00:00,instagram_ads,completed,0
42,19,2026-04-19 11:00:00,instagram_ads,completed,0
43,19,2026-04-28 10:00:00,instagram_ads,completed,0
44,19,2026-04-28 08:00:00,instagram_ads,completed,0
45,19,2026-05-05 19:00:00,organic,completed,0
46,19,2026-05-04 15:00:00,organic,abandoned_cart,0
47,19,2026-06-16 21:00:00,email,completed,0
48,19,2026-06-05 09:00:00,referral,completed,0
49,19,2026-07-15 16:00:00,organic,completed,0
50,19,2026-07-08 14:00:00,email,completed,0
51,19,2026-07-14 13:00:00,instagram_ads,completed,0
52,19,2026-08-04 19:00:00,referral,completed,0
53,19,2026-08-18 16:00:00,google_ads,completed,0
54,19,2026-08-10 13:00:00,instagram_ads,completed,0
55,19,2026-08-12 09:00:00,email,completed,0
56,19,2026-09-01 10:00:00,google_ads,completed,0
57,19,2026-09-19 18:00:00,organic,completed,0
58,19,2026-09-17 11:00:00,instagram_ads,completed,0
59,22,2026-04-20 15:00:00,referral,completed,0
60,22,2026-05-04 12:00:00,referral,completed,0
61,23,2026-08-07 20:00:00,google_ads,completed,10
62,26,2026-06-28 19:00:00,organic,completed,15
63,28,2026-07-06 20:00:00,google_ads,completed,0
64,29,2026-07-19 14:00:00,google_ads,completed,0
65,31,2026-09-07 10:00:00,organic,completed,0
66,32,2026-04-15 09:00:00,google_ads,completed,0
67,32,2026-04-17 09:00:00,organic,completed,0
68,32,2026-04-28 21:00:00,email,completed,15
69,32,2026-05-11 17:00:00,organic,completed,0
70,32,2026-05-17 18:00:00,email,completed,0
71,32,2026-05-12 13:00:00,google_ads,completed,0
72,32,2026-06-03 13:00:00,google_ads,completed,15
73,32,2026-06-19 18:00:00,email,completed,0
74,32,2026-06-03 12:00:00,google_ads,completed,0
75,32,2026-06-27 19:00:00,organic,abandoned_cart,0
76,32,2026-07-06 11:00:00,instagram_ads,completed,0
77,32,2026-07-03 12:00:00,referral,completed,0
78,32,2026-07-11 20:00:00,instagram_ads,completed,0
79,32,2026-08-24 15:00:00,instagram_ads,completed,15
80,32,2026-08-18 11:00:00,email,completed,0
81,32,2026-09-15 20:00:00,referral,completed,0
82,32,2026-09-02 18:00:00,organic,completed,0
83,32,2026-09-03 20:00:00,referral,completed,0
84,32,2026-09-08 21:00:00,organic,completed,0
85,33,2026-02-08 08:00:00,google_ads,completed,0
86,33,2026-08-27 15:00:00,email,completed,0
87,34,2025-11-02 11:00:00,email,completed,0
88,34,2025-11-27 15:00:00,referral,completed,0
89,34,2025-11-10 14:00:00,referral,completed,15
90,34,2025-12-17 13:00:00,referral,completed,20
91,34,2025-12-28 15:00:00,google_ads,completed,15
92,34,2025-12-26 09:00:00,organic,completed,0
93,34,2025-12-18 13:00:00,email,completed,0
94,34,2026-01-02 12:00:00,organic,completed,0
95,34,2026-01-27 16:00:00,instagram_ads,completed,0
96,34,2026-01-11 12:00:00,email,completed,0
97,34,2026-01-23 15:00:00,google_ads,completed,0
98,34,2026-02-03 14:00:00,referral,completed,0
99,34,2026-02-11 18:00:00,email,completed,0
100,34,2026-02-12 15:00:00,google_ads,abandoned_cart,20
101,34,2026-02-22 18:00:00,instagram_ads,completed,0
102,34,2026-04-02 10:00:00,google_ads,completed,15
103,34,2026-04-22 15:00:00,organic,completed,0
104,34,2026-04-13 13:00:00,organic,completed,0
105,34,2026-04-06 15:00:00,organic,abandoned_cart,0
106,34,2026-04-07 17:00:00,email,abandoned_cart,0
107,34,2026-05-15 10:00:00,organic,completed,0
108,34,2026-05-03 16:00:00,instagram_ads,abandoned_cart,0
109,34,2026-07-04 11:00:00,email,completed,0
110,34,2026-07-18 17:00:00,referral,completed,0
111,34,2026-08-10 14:00:00,referral,completed,0
112,34,2026-08-11 18:00:00,referral,completed,15
113,38,2026-04-17 12:00:00,referral,completed,0
114,39,2026-01-27 17:00:00,organic,abandoned_cart,10
115,39,2026-04-20 18:00:00,referral,abandoned_cart,15
116,39,2026-07-10 15:00:00,email,completed,15
117,40,2026-08-17 16:00:00,organic,completed,15
118,40,2026-09-13 21:00:00,instagram_ads,completed,0
119,41,2026-06-17 15:00:00,organic,completed,0
120,45,2026-08-10 16:00:00,instagram_ads,completed,15
121,46,2026-03-18 12:00:00,referral,completed,15
122,46,2026-07-12 20:00:00,google_ads,completed,0
123,46,2026-08-17 08:00:00,google_ads,completed,15
124,47,2026-07-20 19:00:00,referral,completed,0
125,47,2026-07-27 08:00:00,email,completed,0
126,47,2026-07-01 17:00:00,referral,abandoned_cart,0
127,47,2026-07-19 15:00:00,referral,completed,0
128,47,2026-08-07 08:00:00,email,completed,0
129,47,2026-08-25 17:00:00,organic,abandoned_cart,0
130,47,2026-09-17 14:00:00,referral,completed,0
131,48,2026-08-07 11:00:00,google_ads,completed,15
132,49,2026-08-18 20:00:00,referral,completed,0
133,50,2026-04-21 12:00:00,referral,completed,0
134,51,2026-09-11 19:00:00,instagram_ads,completed,0
135,52,2026-06-16 18:00:00,google_ads,abandoned_cart,15
136,53,2025-11-26 15:00:00,google_ads,completed,10
137,53,2025-11-19 17:00:00,google_ads,abandoned_cart,15
138,53,2026-08-06 19:00:00,instagram_ads,completed,0
139,54,2026-02-22 09:00:00,google_ads,completed,0
140,54,2026-02-13 11:00:00,google_ads,completed,0
141,54,2026-02-01 12:00:00,organic,completed,0
142,54,2026-02-10 10:00:00,google_ads,completed,0
143,54,2026-03-12 17:00:00,email,abandoned_cart,0
144,54,2026-03-20 13:00:00,email,completed,0
145,54,2026-03-25 17:00:00,email,completed,0
146,54,2026-03-02 21:00:00,referral,completed,0
147,54,2026-04-04 18:00:00,organic,completed,0
148,54,2026-04-14 15:00:00,google_ads,completed,0
149,54,2026-04-09 21:00:00,organic,completed,10
150,54,2026-04-02 09:00:00,google_ads,completed,0
151,54,2026-04-21 14:00:00,email,abandoned_cart,0
152,54,2026-05-21 21:00:00,referral,completed,0
153,54,2026-05-27 08:00:00,email,abandoned_cart,0
154,54,2026-05-15 13:00:00,organic,completed,0
155,54,2026-06-20 20:00:00,instagram_ads,abandoned_cart,0
156,54,2026-06-20 08:00:00,organic,completed,0
157,54,2026-06-13 15:00:00,organic,completed,0
158,54,2026-06-08 21:00:00,referral,completed,0
159,54,2026-06-22 16:00:00,organic,completed,0
160,54,2026-07-18 15:00:00,email,completed,20
161,54,2026-07-05 12:00:00,email,completed,0
162,54,2026-07-28 19:00:00,organic,completed,0
163,54,2026-07-13 11:00:00,organic,completed,0
164,54,2026-08-02 12:00:00,organic,completed,0
165,54,2026-08-26 20:00:00,instagram_ads,completed,0
166,54,2026-09-07 19:00:00,email,abandoned_cart,0
167,54,2026-09-13 11:00:00,email,completed,0
168,55,2026-06-15 09:00:00,google_ads,completed,0
169,57,2026-01-18 17:00:00,instagram_ads,completed,0
170,57,2026-02-19 21:00:00,google_ads,completed,0
171,57,2026-08-15 10:00:00,instagram_ads,completed,0
172,59,2026-09-05 21:00:00,instagram_ads,completed,0
173,60,2026-07-01 08:00:00,google_ads,completed,0
174,60,2026-08-26 10:00:00,instagram_ads,completed,10
175,61,2025-12-15 17:00:00,google_ads,completed,0
176,61,2025-12-28 18:00:00,email,completed,0
177,63,2026-06-09 08:00:00,google_ads,completed,0
178,64,2026-04-03 12:00:00,email,completed,20
179,67,2025-10-14 10:00:00,organic,completed,0
180,67,2025-10-03 12:00:00,instagram_ads,completed,0
181,67,2025-10-01 12:00:00,organic,completed,0
182,67,2025-10-14 15:00:00,organic,completed,0
183,67,2025-10-12 16:00:00,google_ads,completed,15
184,67,2025-10-14 14:00:00,referral,completed,0
185,67,2025-11-22 14:00:00,google_ads,completed,0
186,67,2025-11-09 14:00:00,google_ads,completed,0
187,67,2025-11-16 17:00:00,instagram_ads,completed,0
188,67,2025-11-27 17:00:00,email,abandoned_cart,0
189,67,2025-11-05 12:00:00,instagram_ads,abandoned_cart,0
190,67,2025-12-24 19:00:00,instagram_ads,abandoned_cart,0
191,67,2025-12-12 09:00:00,referral,completed,0
192,67,2025-12-01 19:00:00,email,completed,0
193,67,2025-12-22 15:00:00,google_ads,completed,0
194,67,2025-12-26 14:00:00,email,abandoned_cart,20
195,67,2025-12-18 08:00:00,referral,completed,0
196,67,2025-12-25 11:00:00,referral,completed,0
197,67,2026-01-25 13:00:00,organic,completed,0
198,67,2026-01-08 16:00:00,referral,completed,0
199,67,2026-01-13 15:00:00,referral,completed,0
200,67,2026-01-16 09:00:00,organic,abandoned_cart,0
201,67,2026-02-12 12:00:00,referral,completed,0
202,67,2026-02-24 19:00:00,organic,completed,0
203,67,2026-02-28 13:00:00,instagram_ads,completed,0
204,67,2026-03-11 16:00:00,email,completed,0
205,67,2026-03-22 14:00:00,instagram_ads,completed,0
206,67,2026-03-23 11:00:00,organic,completed,0
207,67,2026-04-12 13:00:00,email,completed,0
208,67,2026-04-13 17:00:00,email,completed,0
209,67,2026-04-26 12:00:00,instagram_ads,completed,0
210,67,2026-05-06 13:00:00,email,completed,0
211,67,2026-05-14 10:00:00,instagram_ads,completed,0
212,67,2026-06-06 13:00:00,google_ads,completed,0
213,67,2026-06-05 11:00:00,referral,abandoned_cart,0
214,67,2026-06-23 21:00:00,referral,completed,0
215,67,2026-07-02 12:00:00,email,completed,0
216,67,2026-07-04 12:00:00,google_ads,completed,0
217,67,2026-07-15 16:00:00,instagram_ads,completed,0
218,67,2026-08-28 21:00:00,organic,abandoned_cart,10
219,67,2026-08-23 13:00:00,email,completed,0
220,67,2026-08-26 11:00:00,referral,completed,0
221,67,2026-09-11 19:00:00,referral,completed,0
222,67,2026-09-14 08:00:00,instagram_ads,abandoned_cart,0
223,68,2026-05-19 18:00:00,email,completed,0
224,68,2026-05-26 20:00:00,google_ads,completed,20
225,68,2026-05-19 08:00:00,organic,completed,0
226,68,2026-06-26 16:00:00,instagram_ads,abandoned_cart,0
227,68,2026-06-18 17:00:00,google_ads,abandoned_cart,0
228,68,2026-07-21 20:00:00,instagram_ads,completed,0
229,68,2026-07-23 10:00:00,google_ads,completed,0
230,68,2026-08-09 09:00:00,instagram_ads,abandoned_cart,0
231,68,2026-08-21 12:00:00,email,completed,0
232,68,2026-08-04 08:00:00,referral,completed,0
233,68,2026-09-01 08:00:00,email,completed,0
234,68,2026-09-08 14:00:00,organic,completed,15
235,68,2026-09-05 18:00:00,referral,completed,0
236,69,2026-01-20 18:00:00,organic,completed,0
237,69,2026-02-12 14:00:00,google_ads,completed,0
238,69,2026-05-25 19:00:00,google_ads,completed,10
239,69,2026-06-21 08:00:00,instagram_ads,completed,0
240,71,2026-08-28 21:00:00,instagram_ads,completed,0
241,71,2026-08-01 12:00:00,email,abandoned_cart,0
242,71,2026-08-25 14:00:00,referral,completed,0
243,71,2026-08-10 09:00:00,instagram_ads,completed,0
244,71,2026-09-10 19:00:00,instagram_ads,abandoned_cart,0
245,71,2026-09-03 14:00:00,organic,completed,0
246,72,2025-12-12 10:00:00,organic,abandoned_cart,0
247,72,2025-12-26 14:00:00,referral,completed,0
248,72,2025-12-15 16:00:00,referral,completed,0
249,72,2025-12-09 20:00:00,organic,completed,0
250,72,2025-12-01 08:00:00,organic,completed,0
251,72,2026-01-18 20:00:00,email,completed,0
252,72,2026-01-14 19:00:00,referral,completed,0
253,72,2026-02-06 11:00:00,email,abandoned_cart,0
254,72,2026-02-28 12:00:00,organic,completed,0
255,72,2026-03-24 17:00:00,email,completed,0
256,72,2026-03-25 20:00:00,email,completed,0
257,72,2026-03-18 13:00:00,organic,completed,0
258,72,2026-03-28 19:00:00,referral,completed,0
259,72,2026-04-05 19:00:00,instagram_ads,completed,0
260,72,2026-04-03 17:00:00,email,completed,10
261,72,2026-05-08 12:00:00,email,completed,0
262,72,2026-05-08 09:00:00,referral,completed,0
263,72,2026-05-04 10:00:00,organic,completed,0
264,72,2026-06-09 21:00:00,google_ads,completed,0
265,72,2026-06-27 21:00:00,instagram_ads,completed,0
266,72,2026-06-22 12:00:00,organic,abandoned_cart,0
267,72,2026-06-08 09:00:00,instagram_ads,completed,0
268,72,2026-06-02 21:00:00,instagram_ads,completed,0
269,72,2026-07-19 17:00:00,organic,completed,0
270,72,2026-07-21 15:00:00,google_ads,completed,0
271,72,2026-08-02 10:00:00,email,completed,0
272,72,2026-08-06 13:00:00,google_ads,completed,0
273,72,2026-08-20 11:00:00,referral,completed,0
274,72,2026-08-05 14:00:00,referral,abandoned_cart,0
275,72,2026-09-13 20:00:00,email,completed,0
276,72,2026-09-13 12:00:00,instagram_ads,completed,0
277,75,2026-08-12 21:00:00,instagram_ads,completed,0
278,76,2026-01-02 11:00:00,email,completed,0
279,76,2026-01-20 11:00:00,instagram_ads,completed,0
280,76,2026-02-25 09:00:00,organic,abandoned_cart,0
281,76,2026-02-19 09:00:00,instagram_ads,completed,0
282,76,2026-02-06 19:00:00,referral,completed,0
283,76,2026-03-13 12:00:00,instagram_ads,completed,0
284,76,2026-03-19 14:00:00,referral,completed,0
285,76,2026-03-20 13:00:00,instagram_ads,abandoned_cart,0
286,76,2026-04-11 19:00:00,google_ads,completed,10
287,76,2026-04-22 18:00:00,organic,completed,0
288,76,2026-04-03 13:00:00,organic,completed,0
289,76,2026-05-24 14:00:00,email,abandoned_cart,0
290,76,2026-05-27 15:00:00,instagram_ads,completed,0
291,76,2026-05-26 21:00:00,google_ads,completed,10
292,76,2026-05-06 14:00:00,organic,completed,0
293,76,2026-05-23 08:00:00,referral,completed,0
294,76,2026-06-07 14:00:00,referral,completed,0
295,76,2026-06-08 09:00:00,email,completed,10
296,76,2026-06-01 14:00:00,referral,completed,15
297,76,2026-07-06 18:00:00,organic,completed,0
298,76,2026-07-22 12:00:00,instagram_ads,completed,15
299,76,2026-08-15 15:00:00,referral,completed,0
300,76,2026-08-25 19:00:00,google_ads,completed,0
301,76,2026-08-27 14:00:00,referral,completed,0
302,76,2026-09-13 21:00:00,referral,completed,0
303,76,2026-09-06 10:00:00,instagram_ads,completed,0
304,78,2026-08-24 20:00:00,email,completed,20
305,79,2026-03-05 10:00:00,organic,completed,0
306,80,2026-08-14 12:00:00,referral,completed,0
307,81,2026-02-11 19:00:00,google_ads,completed,0
308,81,2026-08-09 21:00:00,organic,completed,0
309,82,2025-12-24 15:00:00,organic,abandoned_cart,0
310,82,2025-12-23 16:00:00,referral,completed,0
311,82,2025-12-07 21:00:00,organic,completed,0
312,82,2025-12-09 13:00:00,organic,completed,0
313,82,2025-12-12 15:00:00,email,completed,0
314,82,2025-12-24 21:00:00,email,completed,0
315,82,2025-12-28 17:00:00,instagram_ads,completed,0
316,82,2025-12-09 18:00:00,organic,completed,0
317,82,2025-12-26 08:00:00,google_ads,completed,0
318,82,2026-01-09 11:00:00,referral,completed,0
319,82,2026-01-22 21:00:00,referral,completed,0
320,82,2026-01-16 09:00:00,google_ads,completed,0
321,82,2026-01-21 12:00:00,instagram_ads,completed,0
322,82,2026-02-22 13:00:00,email,completed,0
323,82,2026-02-13 19:00:00,referral,completed,10
324,82,2026-02-22 16:00:00,google_ads,completed,0
325,82,2026-02-06 12:00:00,google_ads,completed,20
326,82,2026-03-08 13:00:00,email,abandoned_cart,0
327,82,2026-03-10 15:00:00,referral,completed,0
328,82,2026-04-17 09:00:00,google_ads,completed,0
329,82,2026-04-11 14:00:00,email,abandoned_cart,0
330,82,2026-04-06 20:00:00,instagram_ads,completed,15
331,82,2026-05-09 11:00:00,instagram_ads,completed,0
332,82,2026-05-21 14:00:00,email,abandoned_cart,0
333,82,2026-05-18 11:00:00,google_ads,abandoned_cart,0
334,82,2026-05-01 18:00:00,google_ads,completed,0
335,82,2026-05-17 17:00:00,organic,completed,0
336,82,2026-06-14 18:00:00,email,completed,0
337,82,2026-06-01 11:00:00,instagram_ads,abandoned_cart,0
338,82,2026-06-17 10:00:00,organic,completed,0
339,82,2026-06-02 17:00:00,organic,completed,0
340,82,2026-07-14 15:00:00,email,completed,0
341,82,2026-07-22 18:00:00,organic,completed,20
342,82,2026-08-14 21:00:00,referral,completed,0
343,82,2026-08-04 20:00:00,instagram_ads,completed,0
344,82,2026-09-10 10:00:00,instagram_ads,completed,20
345,82,2026-09-04 21:00:00,organic,completed,0
346,82,2026-09-09 18:00:00,google_ads,abandoned_cart,0
347,83,2026-04-26 18:00:00,organic,completed,0
348,84,2026-08-15 17:00:00,google_ads,completed,0
349,84,2026-08-13 15:00:00,email,completed,0
350,84,2026-08-23 19:00:00,instagram_ads,abandoned_cart,10
351,84,2026-09-06 17:00:00,organic,completed,0
352,84,2026-09-04 14:00:00,google_ads,completed,0
353,84,2026-09-17 20:00:00,instagram_ads,completed,0
354,88,2026-08-05 21:00:00,referral,abandoned_cart,0
355,90,2026-06-08 13:00:00,instagram_ads,completed,0
356,90,2026-07-26 17:00:00,email,abandoned_cart,0
357,91,2026-05-14 08:00:00,organic,completed,0
358,92,2026-07-27 08:00:00,google_ads,completed,0
359,92,2026-08-04 09:00:00,google_ads,completed,0
360,93,2025-11-07 09:00:00,email,completed,0
361,93,2025-11-04 20:00:00,referral,abandoned_cart,0
362,93,2025-11-15 18:00:00,email,completed,0
363,93,2025-11-24 08:00:00,referral,completed,0
364,93,2025-11-06 19:00:00,referral,completed,0
365,93,2026-01-09 14:00:00,email,abandoned_cart,0
366,93,2026-01-20 19:00:00,referral,completed,0
367,93,2026-01-21 11:00:00,google_ads,completed,0
368,93,2026-05-17 16:00:00,organic,completed,0
369,93,2026-05-19 18:00:00,referral,completed,0
370,93,2026-05-04 08:00:00,organic,completed,0
371,93,2026-06-22 12:00:00,google_ads,completed,0
372,93,2026-06-12 21:00:00,referral,completed,0
373,93,2026-06-18 14:00:00,google_ads,completed,0
374,93,2026-06-13 14:00:00,google_ads,abandoned_cart,0
375,93,2026-07-07 17:00:00,email,abandoned_cart,0
376,93,2026-07-23 18:00:00,referral,completed,0
377,93,2026-07-10 15:00:00,instagram_ads,completed,0
378,93,2026-09-13 08:00:00,instagram_ads,completed,0
379,93,2026-09-01 13:00:00,organic,abandoned_cart,0
380,95,2026-06-17 11:00:00,referral,completed,0
381,96,2026-05-11 13:00:00,referral,abandoned_cart,0
382,96,2026-06-15 11:00:00,referral,completed,0
383,96,2026-07-13 20:00:00,referral,completed,0
384,96,2026-08-16 08:00:00,google_ads,completed,0
385,100,2026-07-02 09:00:00,google_ads,completed,20
386,101,2026-07-15 18:00:00,email,completed,0
387,103,2026-08-20 09:00:00,email,abandoned_cart,0
388,103,2026-08-18 11:00:00,referral,completed,0
389,103,2026-08-22 20:00:00,organic,completed,0
390,103,2026-09-19 17:00:00,organic,completed,0
391,105,2026-04-28 20:00:00,email,abandoned_cart,0
392,105,2026-04-22 09:00:00,referral,completed,0
393,105,2026-05-04 12:00:00,google_ads,abandoned_cart,0
394,105,2026-05-10 19:00:00,google_ads,completed,0
395,105,2026-05-11 11:00:00,email,completed,0
396,105,2026-06-16 15:00:00,email,completed,0
397,105,2026-06-21 17:00:00,instagram_ads,completed,20
398,105,2026-06-21 09:00:00,referral,abandoned_cart,0
399,105,2026-06-19 14:00:00,organic,completed,0
400,105,2026-07-12 14:00:00,google_ads,completed,0
401,105,2026-07-17 09:00:00,instagram_ads,completed,0
402,105,2026-08-06 10:00:00,instagram_ads,completed,0
403,105,2026-08-08 09:00:00,instagram_ads,completed,0
404,105,2026-08-02 08:00:00,referral,completed,0
405,105,2026-08-18 17:00:00,google_ads,completed,0
406,105,2026-09-13 11:00:00,google_ads,completed,0
407,105,2026-09-05 15:00:00,google_ads,completed,0
408,105,2026-09-06 13:00:00,instagram_ads,completed,0
409,108,2026-07-03 11:00:00,email,abandoned_cart,0
410,109,2026-06-15 17:00:00,email,completed,0
411,109,2026-08-27 10:00:00,referral,completed,0
412,110,2026-03-12 21:00:00,instagram_ads,completed,15
413,110,2026-03-19 09:00:00,instagram_ads,completed,0
414,110,2026-03-20 16:00:00,organic,completed,0
415,110,2026-03-01 14:00:00,google_ads,completed,0
416,110,2026-03-21 17:00:00,email,abandoned_cart,0
417,110,2026-04-25 11:00:00,email,completed,0
418,110,2026-04-18 15:00:00,google_ads,completed,0
419,110,2026-04-24 11:00:00,instagram_ads,completed,0
420,110,2026-04-17 14:00:00,referral,completed,0
421,110,2026-04-13 18:00:00,instagram_ads,completed,15
422,110,2026-05-03 17:00:00,email,completed,20
423,110,2026-05-25 21:00:00,organic,completed,0
424,110,2026-05-10 11:00:00,referral,completed,20
425,110,2026-05-22 08:00:00,instagram_ads,completed,0
426,110,2026-06-12 18:00:00,referral,completed,0
427,110,2026-06-23 09:00:00,referral,completed,0
428,110,2026-06-20 11:00:00,organic,completed,0
429,110,2026-06-04 16:00:00,organic,completed,20
430,110,2026-06-23 15:00:00,instagram_ads,completed,0
431,110,2026-07-16 09:00:00,instagram_ads,completed,0
432,110,2026-07-12 16:00:00,google_ads,completed,0
433,110,2026-08-22 19:00:00,instagram_ads,completed,0
434,110,2026-08-09 10:00:00,instagram_ads,completed,0
435,110,2026-08-08 21:00:00,instagram_ads,completed,0
436,110,2026-08-03 18:00:00,organic,completed,0
437,111,2026-09-19 21:00:00,referral,completed,0
438,112,2026-05-18 08:00:00,instagram_ads,completed,0
439,112,2026-08-23 08:00:00,referral,completed,10
440,113,2026-08-16 17:00:00,email,completed,0
441,114,2026-04-06 17:00:00,instagram_ads,completed,10
442,114,2026-05-07 10:00:00,email,completed,0
443,114,2026-06-16 10:00:00,referral,completed,0
444,116,2026-06-27 18:00:00,google_ads,completed,15
445,116,2026-07-01 14:00:00,referral,abandoned_cart,10
446,116,2026-08-22 16:00:00,organic,completed,0
447,117,2026-05-21 17:00:00,organic,completed,0
448,117,2026-08-08 13:00:00,google_ads,completed,0
449,121,2026-01-04 09:00:00,referral,abandoned_cart,10
450,122,2026-02-20 10:00:00,email,abandoned_cart,15
451,124,2026-09-15 21:00:00,email,completed,0
452,125,2026-08-21 19:00:00,referral,completed,0
453,126,2026-03-10 13:00:00,organic,completed,0
454,127,2026-08-25 15:00:00,google_ads,completed,0
455,127,2026-09-07 14:00:00,instagram_ads,completed,0
456,129,2026-07-10 18:00:00,email,completed,0
457,130,2025-11-09 19:00:00,organic,completed,0
458,130,2025-11-01 10:00:00,instagram_ads,completed,0
459,131,2026-06-12 15:00:00,organic,completed,0
460,131,2026-07-03 16:00:00,google_ads,completed,0
461,131,2026-08-25 15:00:00,instagram_ads,abandoned_cart,0
462,133,2026-09-07 13:00:00,instagram_ads,abandoned_cart,0
463,134,2026-09-01 10:00:00,email,completed,0
464,135,2026-07-03 18:00:00,organic,abandoned_cart,0
465,137,2026-02-09 08:00:00,google_ads,completed,0
466,137,2026-02-12 13:00:00,referral,completed,0
467,137,2026-02-05 15:00:00,google_ads,completed,0
468,137,2026-03-01 17:00:00,instagram_ads,completed,0
469,137,2026-03-18 21:00:00,email,completed,0
470,137,2026-03-11 14:00:00,referral,completed,0
471,137,2026-04-06 21:00:00,instagram_ads,completed,10
472,137,2026-04-21 21:00:00,referral,completed,0
473,137,2026-04-20 19:00:00,instagram_ads,abandoned_cart,20
474,137,2026-05-18 19:00:00,google_ads,completed,0
475,137,2026-05-09 16:00:00,google_ads,completed,10
476,137,2026-05-04 19:00:00,instagram_ads,completed,0
477,137,2026-05-06 16:00:00,organic,completed,0
478,137,2026-06-04 10:00:00,referral,completed,0
479,137,2026-06-20 15:00:00,referral,abandoned_cart,0
480,137,2026-06-14 21:00:00,referral,completed,0
481,137,2026-06-24 12:00:00,email,completed,0
482,137,2026-06-02 12:00:00,google_ads,completed,0
483,137,2026-07-07 21:00:00,google_ads,completed,0
484,137,2026-07-15 13:00:00,referral,completed,0
485,137,2026-08-03 17:00:00,organic,abandoned_cart,0
486,137,2026-08-27 19:00:00,organic,completed,0
487,137,2026-08-13 09:00:00,google_ads,abandoned_cart,0
488,137,2026-09-01 18:00:00,google_ads,completed,0
489,138,2026-03-15 20:00:00,instagram_ads,completed,0
490,138,2026-06-03 15:00:00,email,completed,0
491,138,2026-07-25 19:00:00,referral,completed,10
492,139,2026-04-11 18:00:00,email,completed,0
493,139,2026-04-12 17:00:00,instagram_ads,completed,0
494,139,2026-04-05 15:00:00,instagram_ads,completed,20
495,139,2026-04-04 19:00:00,instagram_ads,abandoned_cart,15
496,139,2026-04-23 20:00:00,organic,completed,0
497,139,2026-05-07 16:00:00,email,completed,0
498,139,2026-05-22 08:00:00,referral,abandoned_cart,0
499,139,2026-05-06 08:00:00,referral,completed,0
500,139,2026-06-03 14:00:00,google_ads,completed,0
501,139,2026-06-10 21:00:00,email,completed,0
502,139,2026-07-28 17:00:00,referral,completed,0
503,139,2026-07-08 16:00:00,instagram_ads,completed,0
504,139,2026-07-22 13:00:00,referral,completed,0
505,139,2026-07-13 21:00:00,google_ads,abandoned_cart,0
506,139,2026-08-22 10:00:00,referral,completed,20
507,139,2026-08-19 10:00:00,referral,completed,0
508,139,2026-08-07 18:00:00,instagram_ads,completed,0
509,139,2026-08-23 16:00:00,instagram_ads,completed,0
510,139,2026-09-06 13:00:00,organic,completed,0
511,139,2026-09-15 19:00:00,google_ads,abandoned_cart,0
512,140,2026-04-20 17:00:00,instagram_ads,completed,0
513,141,2026-07-06 21:00:00,instagram_ads,completed,0
514,141,2026-08-25 08:00:00,instagram_ads,abandoned_cart,0
515,142,2026-05-14 14:00:00,email,completed,0
516,142,2026-05-19 17:00:00,organic,completed,0
517,142,2026-05-15 21:00:00,instagram_ads,abandoned_cart,0
518,142,2026-06-07 12:00:00,google_ads,abandoned_cart,0
519,142,2026-06-02 19:00:00,email,completed,0
520,142,2026-07-06 20:00:00,referral,abandoned_cart,0
521,142,2026-07-11 15:00:00,instagram_ads,completed,15
522,142,2026-08-23 18:00:00,organic,completed,0
523,142,2026-08-23 15:00:00,email,completed,0
524,142,2026-08-13 08:00:00,referral,abandoned_cart,0
525,142,2026-09-02 14:00:00,email,completed,0
526,142,2026-09-05 11:00:00,organic,completed,15
527,143,2026-07-14 15:00:00,instagram_ads,completed,20
528,145,2025-12-11 09:00:00,instagram_ads,completed,10
529,145,2025-12-23 17:00:00,email,completed,0
530,145,2026-02-12 14:00:00,referral,completed,0
531,145,2026-04-05 09:00:00,referral,completed,0
532,146,2026-08-09 16:00:00,instagram_ads,completed,0
533,147,2026-04-21 20:00:00,referral,completed,15
534,148,2026-04-26 09:00:00,google_ads,completed,10
535,149,2026-06-27 13:00:00,email,completed,0
536,151,2026-01-18 16:00:00,google_ads,completed,15
537,151,2026-03-27 08:00:00,referral,completed,0
538,151,2026-04-06 17:00:00,google_ads,completed,20
539,151,2026-06-03 15:00:00,google_ads,completed,0
540,152,2026-04-17 08:00:00,instagram_ads,abandoned_cart,0
541,152,2026-05-25 13:00:00,referral,abandoned_cart,20
542,153,2026-09-02 18:00:00,google_ads,abandoned_cart,0
543,154,2026-05-07 11:00:00,email,completed,0
544,154,2026-08-04 08:00:00,organic,completed,0
545,154,2026-09-09 10:00:00,referral,completed,0
546,158,2026-05-06 19:00:00,email,completed,0
547,159,2026-04-04 15:00:00,email,completed,0
548,159,2026-06-12 14:00:00,google_ads,abandoned_cart,15
549,159,2026-08-16 15:00:00,google_ads,completed,0
550,161,2026-04-08 17:00:00,email,completed,0
551,161,2026-08-26 14:00:00,instagram_ads,completed,0
552,162,2026-08-11 16:00:00,google_ads,completed,15
553,164,2026-08-07 11:00:00,referral,completed,0
554,165,2026-05-18 08:00:00,google_ads,completed,10
555,165,2026-07-21 13:00:00,email,completed,0
556,165,2026-08-05 11:00:00,google_ads,completed,0
557,169,2026-07-18 21:00:00,instagram_ads,completed,0
558,169,2026-07-28 19:00:00,email,completed,0
559,169,2026-07-16 19:00:00,organic,completed,0
560,169,2026-07-17 21:00:00,email,completed,0
561,169,2026-08-08 15:00:00,organic,completed,0
562,169,2026-08-18 20:00:00,email,completed,20
563,169,2026-09-06 08:00:00,google_ads,completed,0
564,169,2026-09-19 10:00:00,google_ads,completed,0
565,169,2026-09-16 09:00:00,google_ads,completed,0
566,169,2026-09-09 21:00:00,referral,completed,0
567,170,2026-09-12 20:00:00,instagram_ads,completed,15
568,172,2026-06-24 18:00:00,google_ads,completed,10
569,172,2026-07-13 15:00:00,referral,completed,0
570,172,2026-08-16 12:00:00,organic,abandoned_cart,15
571,173,2026-07-28 14:00:00,google_ads,completed,0
572,175,2026-08-27 09:00:00,organic,completed,20
573,175,2026-08-09 11:00:00,organic,completed,20
574,175,2026-09-03 21:00:00,referral,completed,0
575,176,2026-09-15 18:00:00,google_ads,completed,0
576,177,2026-06-25 08:00:00,organic,completed,0
577,179,2026-04-07 17:00:00,google_ads,abandoned_cart,0
578,179,2026-07-25 15:00:00,organic,completed,10
579,179,2026-09-19 08:00:00,email,abandoned_cart,0
580,180,2026-07-04 17:00:00,google_ads,abandoned_cart,0
581,180,2026-09-18 21:00:00,email,completed,0
582,181,2026-01-04 18:00:00,email,completed,0
583,181,2026-07-13 09:00:00,email,completed,0
584,190,2026-02-11 20:00:00,email,completed,0
585,191,2026-04-03 09:00:00,instagram_ads,completed,0
586,195,2026-06-23 20:00:00,instagram_ads,completed,0
587,196,2026-09-08 10:00:00,instagram_ads,completed,0
588,196,2026-09-12 14:00:00,organic,completed,20
589,196,2026-09-12 21:00:00,instagram_ads,completed,0
590,196,2026-09-02 11:00:00,email,completed,0
591,196,2026-09-02 18:00:00,google_ads,completed,0
592,199,2026-09-19 17:00:00,google_ads,completed,0
593,201,2025-11-20 15:00:00,email,completed,0
594,201,2025-11-09 11:00:00,referral,completed,0
595,201,2025-11-05 09:00:00,instagram_ads,completed,0
596,201,2025-11-06 20:00:00,instagram_ads,abandoned_cart,0
597,201,2025-11-28 16:00:00,referral,abandoned_cart,0
598,201,2025-12-24 21:00:00,referral,completed,0
599,201,2025-12-19 08:00:00,email,completed,0
600,201,2025-12-17 14:00:00,organic,completed,0
601,201,2025-12-25 08:00:00,instagram_ads,completed,0
602,201,2025-12-08 18:00:00,google_ads,completed,0
603,201,2025-12-28 17:00:00,email,completed,0
604,201,2025-12-26 21:00:00,organic,completed,0
605,201,2025-12-23 13:00:00,google_ads,completed,0
606,201,2025-12-20 13:00:00,google_ads,completed,0
607,201,2026-01-12 15:00:00,instagram_ads,completed,0
608,201,2026-01-23 20:00:00,instagram_ads,abandoned_cart,0
609,201,2026-01-16 19:00:00,instagram_ads,completed,0
610,201,2026-01-09 16:00:00,organic,completed,0
611,201,2026-02-16 19:00:00,google_ads,completed,0
612,201,2026-02-26 09:00:00,organic,abandoned_cart,0
613,201,2026-03-10 09:00:00,instagram_ads,completed,0
614,201,2026-03-01 12:00:00,instagram_ads,completed,0
615,201,2026-03-21 08:00:00,instagram_ads,completed,0
616,201,2026-04-16 17:00:00,referral,completed,0
617,201,2026-04-26 12:00:00,email,completed,0
618,201,2026-04-12 12:00:00,instagram_ads,completed,0
619,201,2026-04-23 18:00:00,organic,completed,0
620,201,2026-05-15 12:00:00,organic,completed,0
621,201,2026-05-15 16:00:00,organic,completed,0
622,201,2026-05-16 20:00:00,google_ads,completed,0
623,201,2026-06-21 19:00:00,referral,abandoned_cart,0
624,201,2026-06-15 13:00:00,organic,completed,0
625,201,2026-06-04 12:00:00,instagram_ads,completed,15
626,201,2026-06-20 18:00:00,google_ads,completed,0
627,201,2026-07-22 18:00:00,email,abandoned_cart,0
628,201,2026-07-20 17:00:00,google_ads,completed,0
629,201,2026-07-13 13:00:00,google_ads,completed,15
630,201,2026-07-24 15:00:00,email,completed,0
631,201,2026-08-05 21:00:00,instagram_ads,completed,0
632,201,2026-08-03 17:00:00,email,completed,0
633,201,2026-08-15 19:00:00,instagram_ads,abandoned_cart,0
634,201,2026-08-18 15:00:00,referral,completed,15
635,201,2026-09-05 12:00:00,email,completed,0
636,202,2026-03-16 09:00:00,email,completed,0
637,202,2026-05-17 19:00:00,instagram_ads,completed,0
638,202,2026-06-15 19:00:00,google_ads,completed,15
639,205,2025-12-22 19:00:00,referral,completed,0
640,205,2025-12-17 12:00:00,google_ads,completed,0
641,208,2026-05-20 16:00:00,google_ads,completed,0
642,210,2025-10-23 20:00:00,email,completed,0
643,210,2026-01-04 12:00:00,organic,completed,10
644,213,2026-06-06 21:00:00,instagram_ads,completed,0
645,215,2026-01-12 19:00:00,organic,completed,0
646,215,2026-02-07 16:00:00,google_ads,completed,0
647,215,2026-06-25 13:00:00,organic,completed,0
648,216,2026-01-22 21:00:00,google_ads,completed,0
649,216,2026-03-06 08:00:00,organic,completed,0
650,217,2026-01-07 13:00:00,email,completed,0
651,217,2026-01-27 14:00:00,referral,completed,0
652,217,2026-01-16 18:00:00,email,completed,0
653,217,2026-01-04 12:00:00,instagram_ads,completed,0
654,217,2026-02-27 09:00:00,instagram_ads,completed,0
655,217,2026-02-10 17:00:00,referral,completed,0
656,217,2026-05-16 16:00:00,referral,completed,0
657,217,2026-05-14 09:00:00,email,completed,0
658,217,2026-05-18 18:00:00,instagram_ads,completed,0
659,217,2026-05-13 15:00:00,email,completed,0
660,217,2026-05-02 14:00:00,email,completed,0
661,217,2026-06-19 08:00:00,referral,completed,0
662,217,2026-06-11 14:00:00,google_ads,completed,15
663,217,2026-07-08 18:00:00,organic,completed,0
664,217,2026-07-01 16:00:00,email,completed,0
665,217,2026-08-11 14:00:00,organic,completed,0
666,217,2026-08-11 15:00:00,google_ads,completed,0
667,217,2026-09-14 11:00:00,organic,completed,0
668,217,2026-09-02 12:00:00,instagram_ads,completed,0
669,217,2026-09-04 17:00:00,referral,completed,0
670,218,2026-05-13 12:00:00,referral,completed,0
671,218,2026-05-23 16:00:00,instagram_ads,completed,0
672,218,2026-05-28 20:00:00,organic,abandoned_cart,0
673,218,2026-05-05 11:00:00,google_ads,completed,0
674,218,2026-05-07 21:00:00,instagram_ads,completed,0
675,218,2026-06-08 09:00:00,google_ads,completed,0
676,218,2026-06-21 08:00:00,organic,completed,0
677,218,2026-06-06 18:00:00,email,abandoned_cart,0
678,218,2026-06-28 09:00:00,organic,completed,0
679,218,2026-06-13 21:00:00,organic,completed,0
680,218,2026-07-16 09:00:00,google_ads,completed,0
681,218,2026-07-26 19:00:00,instagram_ads,abandoned_cart,0
682,218,2026-07-07 12:00:00,referral,completed,0
683,218,2026-08-23 09:00:00,instagram_ads,completed,0
684,218,2026-08-23 13:00:00,referral,completed,0
685,218,2026-08-22 20:00:00,instagram_ads,completed,0
686,218,2026-09-04 16:00:00,email,abandoned_cart,0
687,218,2026-09-09 12:00:00,instagram_ads,completed,15
688,219,2026-08-28 09:00:00,email,abandoned_cart,0
689,220,2025-12-15 19:00:00,instagram_ads,completed,20
690,220,2025-12-07 18:00:00,organic,completed,0
691,220,2026-03-26 13:00:00,instagram_ads,abandoned_cart,0
692,220,2026-04-26 12:00:00,instagram_ads,completed,15
693,221,2026-08-20 14:00:00,google_ads,completed,0
694,222,2026-06-04 11:00:00,google_ads,completed,0
695,223,2026-06-24 18:00:00,instagram_ads,completed,10
696,224,2026-06-05 21:00:00,instagram_ads,completed,0
697,224,2026-07-03 09:00:00,instagram_ads,completed,0
698,225,2026-02-22 13:00:00,organic,abandoned_cart,20
699,225,2026-03-11 15:00:00,referral,completed,15
700,225,2026-04-02 10:00:00,google_ads,abandoned_cart,0
701,225,2026-05-17 13:00:00,email,completed,0
702,225,2026-06-02 11:00:00,organic,completed,15
703,225,2026-09-04 15:00:00,referral,completed,15
704,229,2026-09-19 18:00:00,organic,completed,0
705,230,2026-09-01 12:00:00,email,completed,0
706,231,2025-11-27 19:00:00,google_ads,completed,0
707,231,2025-11-02 18:00:00,referral,completed,0
708,231,2025-12-11 20:00:00,referral,completed,15
709,231,2025-12-09 10:00:00,email,completed,0
710,232,2026-09-13 20:00:00,instagram_ads,completed,0
711,232,2026-09-16 20:00:00,google_ads,completed,0
712,232,2026-09-04 21:00:00,email,completed,0
713,233,2026-03-21 14:00:00,email,completed,20
714,233,2026-05-17 18:00:00,email,completed,0
715,234,2026-07-14 09:00:00,google_ads,completed,0
716,235,2026-09-06 20:00:00,organic,completed,15
717,236,2026-08-28 18:00:00,organic,completed,15
718,238,2026-02-23 18:00:00,google_ads,completed,0
719,240,2025-12-27 18:00:00,organic,completed,0
720,240,2025-12-14 08:00:00,email,abandoned_cart,15
721,240,2026-03-19 21:00:00,organic,completed,0
722,240,2026-05-14 21:00:00,referral,completed,0
723,240,2026-09-17 17:00:00,email,abandoned_cart,0
724,241,2025-12-21 14:00:00,referral,completed,0
725,241,2025-12-01 10:00:00,google_ads,completed,0
726,241,2026-04-20 21:00:00,instagram_ads,completed,0
727,241,2026-05-27 18:00:00,email,completed,0
728,241,2026-06-23 19:00:00,instagram_ads,completed,10
729,242,2026-08-08 11:00:00,google_ads,abandoned_cart,0
730,242,2026-08-06 21:00:00,organic,completed,0
731,242,2026-08-08 09:00:00,google_ads,completed,0
732,243,2025-11-27 16:00:00,organic,completed,10
733,243,2025-11-23 15:00:00,organic,completed,0
734,243,2025-11-11 21:00:00,email,completed,0
735,243,2025-12-17 10:00:00,email,completed,15
736,243,2025-12-14 20:00:00,email,completed,0
737,243,2025-12-01 15:00:00,referral,completed,0
738,243,2025-12-11 13:00:00,email,completed,0
739,243,2025-12-25 08:00:00,referral,completed,0
740,243,2025-12-23 20:00:00,google_ads,completed,0
741,243,2025-12-28 12:00:00,google_ads,completed,0
742,243,2026-03-23 14:00:00,referral,completed,0
743,243,2026-03-25 11:00:00,referral,completed,0
744,243,2026-03-24 10:00:00,instagram_ads,completed,0
745,243,2026-06-17 13:00:00,organic,completed,0
746,243,2026-06-14 16:00:00,google_ads,completed,0
747,243,2026-06-04 08:00:00,email,abandoned_cart,0
748,243,2026-06-15 13:00:00,referral,completed,0
749,243,2026-08-22 20:00:00,instagram_ads,completed,0
750,243,2026-08-11 16:00:00,google_ads,completed,0
751,243,2026-08-27 14:00:00,instagram_ads,completed,15
752,243,2026-09-13 17:00:00,google_ads,completed,0
753,243,2026-09-16 19:00:00,instagram_ads,completed,0
754,243,2026-09-15 10:00:00,referral,completed,0
755,244,2026-09-02 19:00:00,organic,completed,20
756,246,2026-04-12 12:00:00,instagram_ads,completed,10
757,247,2026-07-03 21:00:00,google_ads,completed,20
758,248,2026-07-25 15:00:00,google_ads,completed,0
759,248,2026-07-22 17:00:00,email,completed,0
760,248,2026-07-15 19:00:00,instagram_ads,completed,0
761,248,2026-07-21 20:00:00,organic,completed,0
762,248,2026-08-19 16:00:00,organic,completed,0
763,248,2026-08-18 10:00:00,instagram_ads,completed,0
764,248,2026-09-03 20:00:00,referral,completed,0
765,248,2026-09-11 14:00:00,referral,completed,0
766,248,2026-09-04 09:00:00,instagram_ads,completed,0
767,248,2026-09-14 18:00:00,google_ads,completed,0
768,249,2026-05-11 12:00:00,organic,completed,0
769,249,2026-05-08 20:00:00,referral,completed,0
770,249,2026-05-15 16:00:00,email,completed,0
771,249,2026-05-18 17:00:00,referral,completed,0
772,249,2026-05-14 15:00:00,instagram_ads,completed,10
773,249,2026-06-18 15:00:00,referral,completed,15
774,249,2026-06-16 12:00:00,email,completed,0
775,249,2026-06-27 16:00:00,referral,completed,0
776,249,2026-06-03 14:00:00,referral,completed,0
777,249,2026-06-17 20:00:00,google_ads,completed,0
778,249,2026-07-22 13:00:00,referral,completed,0
779,249,2026-07-21 08:00:00,organic,completed,0
780,249,2026-08-25 14:00:00,organic,completed,0
781,249,2026-08-15 18:00:00,email,abandoned_cart,0
782,249,2026-08-01 09:00:00,email,abandoned_cart,0
783,249,2026-08-24 08:00:00,google_ads,completed,0
784,249,2026-09-08 11:00:00,organic,abandoned_cart,0
785,249,2026-09-01 11:00:00,organic,completed,0
786,252,2026-05-22 16:00:00,email,completed,0
787,252,2026-06-28 14:00:00,email,completed,0
788,253,2026-06-11 08:00:00,referral,completed,0
789,256,2026-07-14 20:00:00,google_ads,completed,15
790,258,2026-02-25 09:00:00,organic,completed,0
791,258,2026-05-11 21:00:00,organic,completed,0
792,258,2026-06-03 09:00:00,google_ads,completed,0
793,259,2026-09-13 15:00:00,referral,abandoned_cart,0
794,260,2026-07-19 11:00:00,organic,completed,20
795,261,2026-08-16 19:00:00,instagram_ads,completed,0
796,262,2026-07-19 16:00:00,google_ads,completed,0
797,263,2026-02-07 11:00:00,organic,completed,0
798,263,2026-05-20 19:00:00,google_ads,completed,0
799,266,2026-04-24 20:00:00,email,completed,0
800,266,2026-06-01 09:00:00,instagram_ads,completed,0
801,266,2026-08-02 08:00:00,instagram_ads,completed,15
802,270,2026-05-26 13:00:00,referral,abandoned_cart,0
803,271,2026-07-23 13:00:00,instagram_ads,completed,10
804,272,2026-06-28 10:00:00,email,abandoned_cart,0
805,273,2026-02-16 16:00:00,google_ads,completed,0
806,273,2026-03-21 20:00:00,instagram_ads,completed,0
807,273,2026-04-07 12:00:00,instagram_ads,completed,0
808,274,2026-02-17 13:00:00,referral,completed,0
809,275,2026-06-13 08:00:00,organic,completed,15
810,275,2026-08-08 09:00:00,referral,completed,10
811,275,2026-09-10 19:00:00,google_ads,completed,0
812,276,2026-09-10 21:00:00,email,abandoned_cart,0
813,277,2026-09-08 11:00:00,instagram_ads,completed,0
814,278,2026-04-07 15:00:00,google_ads,completed,0
815,278,2026-06-24 08:00:00,google_ads,completed,0
816,280,2026-01-13 11:00:00,email,completed,0
817,280,2026-04-19 15:00:00,instagram_ads,completed,0
818,281,2026-05-01 10:00:00,email,abandoned_cart,15
819,282,2026-02-28 14:00:00,instagram_ads,abandoned_cart,0
820,282,2026-07-14 21:00:00,referral,completed,0
821,282,2026-08-09 11:00:00,organic,completed,15
822,283,2026-05-21 15:00:00,google_ads,completed,0
823,283,2026-07-15 14:00:00,referral,completed,0
824,285,2026-06-03 20:00:00,google_ads,completed,15
825,285,2026-08-01 09:00:00,email,completed,0
826,285,2026-09-02 08:00:00,instagram_ads,completed,0
827,287,2026-07-05 15:00:00,instagram_ads,completed,0
828,288,2026-04-04 16:00:00,organic,completed,0
829,290,2026-04-23 12:00:00,organic,completed,0
830,290,2026-08-01 08:00:00,organic,completed,0
831,291,2026-06-17 09:00:00,instagram_ads,completed,0
832,292,2026-03-11 10:00:00,organic,completed,15
833,292,2026-08-21 17:00:00,instagram_ads,completed,0
834,293,2026-04-22 20:00:00,google_ads,completed,0
835,293,2026-06-13 16:00:00,referral,completed,0
836,294,2026-04-02 10:00:00,instagram_ads,completed,0
837,294,2026-04-24 17:00:00,google_ads,completed,0
838,294,2026-05-17 20:00:00,google_ads,completed,0
839,294,2026-05-28 19:00:00,referral,completed,0
840,294,2026-06-26 18:00:00,email,completed,0
841,294,2026-06-01 09:00:00,instagram_ads,completed,0
842,294,2026-06-05 11:00:00,referral,completed,0
843,294,2026-07-14 19:00:00,instagram_ads,completed,0
844,294,2026-07-20 11:00:00,instagram_ads,completed,0
845,294,2026-08-13 10:00:00,referral,completed,0
846,294,2026-08-14 21:00:00,google_ads,abandoned_cart,20
847,294,2026-08-06 12:00:00,google_ads,completed,0
848,294,2026-08-11 10:00:00,instagram_ads,completed,0
849,294,2026-09-16 14:00:00,google_ads,abandoned_cart,0
850,294,2026-09-03 14:00:00,organic,abandoned_cart,0
851,294,2026-09-09 20:00:00,referral,completed,0
852,294,2026-09-02 18:00:00,instagram_ads,completed,0
853,296,2026-04-08 17:00:00,instagram_ads,completed,0
854,296,2026-06-13 19:00:00,referral,abandoned_cart,0
855,296,2026-07-09 19:00:00,email,abandoned_cart,0
856,297,2026-03-23 12:00:00,email,completed,10
857,297,2026-04-17 14:00:00,instagram_ads,completed,0
858,297,2026-07-06 16:00:00,instagram_ads,completed,0
859,298,2026-06-28 18:00:00,email,completed,0
860,298,2026-06-03 13:00:00,email,completed,20
861,298,2026-07-09 20:00:00,organic,completed,0
862,298,2026-07-17 20:00:00,google_ads,completed,15
863,298,2026-08-22 13:00:00,google_ads,completed,0
864,298,2026-08-28 13:00:00,email,completed,0
865,298,2026-08-04 21:00:00,instagram_ads,abandoned_cart,0
866,298,2026-09-17 14:00:00,google_ads,completed,0
867,298,2026-09-12 21:00:00,google_ads,completed,20
868,298,2026-09-12 14:00:00,email,abandoned_cart,0
869,299,2026-07-26 09:00:00,referral,completed,0
